hyperparameter,result
1,4.11
2,9.64
3,7.231
4, 11.350771972380969
6, 16.460908691265637
